game,4004
please,1284
problem,1164
fix,1052
play,960
time,862
star,755
world,670
thing,636
try,615
work,614
load,592
phone,575
lag,574
get,518
fun,499
zems,497
lot,466
use,451
item,447
people,444
character,417
bug,410
video,399
account,398
download,381
coin,380
zem,376
money,365
clothes,361
day,340
post,336
pls,325
error,322
friend,321
way,310
something,306
change,303
love,278
avatar,272
issue,264
everything,259
log,253
connection,243
hope,243
screen,233
option,229
enter,212
thank,212
watch,206
cant,200
glitch,200
crash,197
reason,188
show,188
help,186
rate,186
photo,183
gem,180
creator,179
network,176
feature,175
anything,173
dont,171
picture,171
update,171
cause,162
let,156
nothing,154
internet,153
start,153
stuff,153
hair,152
gift,144
create,143
year,142
join,138
jump,138
make,134
guy,131
dress,130
look,130
price,127
someone,124
master,122
message,122
need,121
buy,120
cute,119
kinda,118
hate,117
earn,113
thanks,113
player,112
alot,111
edit,110
outfit,110
room,110
data,106
grab,106
bit,104
face,102
hour,100
laggy,99
month,99
plz,99
wait,99
amaze,98
annoy,98
wifi,95
everyone,93
password,92
number,91
button,89
idk,89
freeze,87
sign,85
version,85
diamond,84
week,83
camera,81
cuz,81
email,79
map,79
clothing,78
kind,78
minute,78
background,76
quality,76
review,76
storage,76
kick,75
scratch,75
style,75
install,74
age,73
click,73
cool,73
everytime,73
home,73
see,73
talk,72
add,71
pic,71
task,71
body,70
device,70
dance,69
experience,69
user,69
cost,68
rating,68
today,68
wan,68
enjoy,67
music,67
keep,64
pay,63
thats,63
tho,63
hello,62
delete,61
reinstall,61
tell,61
others,60
press,60
name,59
stop,59
gon,57
kid,55
sound,55
idea,54
take,54
acc,53
code,52
move,52
space,52
restart,51
waste,51
record,50
part,49
person,49
point,49
purchase,49
reward,49
shop,49
turn,49
group,48
login,48
mean,48
party,48
asap,47
bisa,47
cache,47
feel,47
okay,47
amount,46
anyone,46
bagus,46
saya,46
access,45
interest,45
place,45
template,45
country,44
fact,44
glitchy,44
think,44
yesterday,44
check,43
exit,43
hang,43
wont,43
chance,42
request,42
track,42
developer,41
rat,41
song,41
sorry,41
word,41
call,40
doesnt,40
facebook,40
ini,40
page,40
yeah,40
aku,39
control,39
fine,39
notification,39
dan,38
design,38
tapi,38
buggy,37
girl,37
mini,37
profile,37
search,37
send,37
btw,36
spin,36
application,35
color,35
customization,35
pop,35
section,35
type,35
voice,35
want,35
chat,34
eye,33
give,33
hack,33
hey,33
min,33
noise,33
share,33
comment,32
didnt,32
example,32
guess,32
hacker,32
premium,32
scar,32
solve,32
ask,31
card,31
roblox,31
system,31
wish,31
hairstyle,30
matter,30
survey,30
heard,29
house,29
know,29
respond,29
right,29
tap,29
blackpink,28
crew,28
etc,28
half,28
masuk,28
mine,28
report,28
side,28
choice,27
concept,27
event,27
lol,27
opinion,27
plss,27
soo,27
team,27
trouble,27
android,26
audio,26
coz,26
find,26
gesture,26
store,26
super,26
tiktok,26
volume,26
date,25
follower,25
force,25
gallery,25
mission,25
mode,25
night,25
understand,25
action,24
emojis,24
end,24
image,24
improvement,24
kpop,24
lack,24
limit,24
ppl,24
quest,24
run,24
animation,23
bring,23
collect,23
creepy,23
lama,23
none,23
tab,23
tidak,23
box,22
google,22
kenapa,22
nya,22
online,22
pero,22
stay,22
zombie,22
ban,21
buying,21
life,21
mau,21
mess,21
sad,21
server,21
shape,21
text,21
zpt,21
banget,20
battery,20
become,20
bts,20
customize,20
frustrate,20
function,20
information,20
isnt,20
language,20
level,20
mind,20
offer,20
speed,20
suggestion,20
suka,20
till,20
upload,20
yang,20
blue,19
concern,19
connect,19
custom,19
gain,19
jadi,19
juga,19
logo,19
meet,19
member,19
photobooth,19
pick,19
put,19
recommend,19
reset,19
shirt,19
suck,19
win,19
zepto,19
bcs,18
bye,18
computer,18
instagram,18
line,18
match,18
medium,18
que,18
slot,18
tablet,18
warn,18
afford,17
aja,17
anyways,17
fast,17
hop,17
itu,17
lagi,17
lock,17
movement,17
order,17
pose,17
rest,17
samsung,17
save,17
scroll,17
sister,17
size,17
thingy,17
yes,17
area,16
boy,16
child,16
community,16
complaint,16
emoji,16
fashion,16
happen,16
malah,16
moment,16
question,16
result,16
rumor,16
story,16
tire,16
bald,15
bar,15
begin,15
block,15
challenge,15
choose,15
closing,15
confuse,15
count,15
effect,15
feed,15
increase,15
morning,15
nice,15
quit,15
sama,15
sooo,15
street,15
support,15
susah,15
thx,15
top,15
twitter,15
uninstall,15
view,15
well,15
youtube,15
ada,14
ang,14
boring,14
corporation,14
disappoint,14
good,14
happens,14
hear,14
instal,14
iphone,14
makeup,14
mom,14
skin,14
slow,14
thankyou,14
atleast,13
beg,13
bio,13
bore,13
cash,13
conversation,13
couple,13
entertain,13
feedback,13
gender,13
male,13
man,13
microphone,13
notice,13
plsss,13
release,13
reply,13
ruin,13
tbh,13
toon,13
banyak,12
bro,12
come,12
copy,12
creation,12
dark,12
default,12
eat,12
galaxy,12
heart,12
hijab,12
letter,12
list,12
location,12
miss,12
mobile,12
padahal,12
park,12
plzz,12
power,12
prize,12
ram,12
response,12
solution,12
spy,12
training,12
unlock,12
variety,12
verification,12
vpn,12
walk,12
zepetos,12
activity,11
akun,11
aplikasi,11
awesome,11
bintang,11
brand,11
buat,11
care,11
complain,11
content,11
couldnt,11
detail,11
drop,11
dulu,11
family,11
gabisa,11
greet,11
havent,11
iam,11
ill,11
kasih,11
keyboard,11
luck,11
mahal,11
memory,11
menu,11
model,11
occur,11
repair,11
return,11
service,11
stream,11
studio,11
submit,11
trend,11
vids,11
visit,11
weird,11
yung,11
zoom,11
badge,10
birth,10
bottom,10
center,10
communicate,10
company,10
credit,10
crop,10
decrease,10
dis,10
fault,10
fly,10
gameplay,10
gmail,10
god,10
head,10
hell,10
icon,10
job,10
keluar,10
masih,10
nowadays,10
owner,10
perfect,10
performance,10
random,10
roleplay,10
second,10
self,10
sendiri,10
sense,10
shoe,10
sih,10
sort,10
spend,10
spent,10
sure,10
tag,10
trust,10
web,10
wishlist,10
wonder,10
adult,9
baik,9
baru,9
bunch,9
censor,9
cloth,9
deal,9
decorate,9
eyebrow,9
fan,9
figure,9
filter,9
forever,9
forgot,9
future,9
gak,9
hold,9
interact,9
kalo,9
kok,9
lang,9
light,9
mad,9
maker,9
mention,9
minigames,9
overprice,9
para,9
patience,9
payment,9
process,9
redo,9
refund,9
say,9
sekarang,9
selection,9
sell,9
seru,9
setiap,9
smooth,9
sometimes,9
soooo,9
stucks,9
switch,9
theory,9
tomorrow,9
trash,9
vid,9
whats,9
addict,8
allow,8
answer,8
attention,8
base,8
bcuz,8
bruh,8
buka,8
christmas,8
claim,8
colour,8
consider,8
course,8
cousin,8
cry,8
cut,8
dah,8
everybody,8
follow,8
freak,8
gitu,8
glitching,8
haunt,8
idol,8
indonesia,8
irritate,8
jumpmaster,8
lah,8
link,8
manage,8
net,8
opening,8
parent,8
pas,8
perbaiki,8
plea,8
prob,8
product,8
progress,8
reach,8
restarts,8
rig,8
situation,8
sooooo,8
stage,8
stalk,8
state,8
stress,8
stuck,8
terus,8
texture,8
ticket,8
wheel,8
whenever,8
wise,8
wouldnt,8
write,8
aap,7
accessory,7
act,7
ako,7
apa,7
apple,7
aswell,7
auto,7
bcoz,7
becomes,7
bird,7
bother,7
breathing,7
bugging,7
cartoon,7
costume,7
cover,7
cuma,7
currency,7
dad,7
daughter,7
decide,7
dev,7
dibuka,7
diperbaiki,7
dosent,7
dude,7
edits,7
effort,7
fair,7
fav,7
fit,7
greeting,7
hahaha,7
harus,7
hella,7
huh,7
incorrect,7
interaction,7
jennie,7
kalau,7
kali,7
leg,7
lmao,7
mag,7
mail,7
massage,7
note,7
platform,7
pricey,7
reading,7
register,7
resolution,7
rumour,7
sangat,7
scam,7
select,7
skinny,7
status,7
step,7
sticker,7
tau,7
test,7
theme,7
tiba,7
tik,7
title,7
tok,7
ton,7
tysm,7
woman,7
worth,7
yea,7
address,6
adventure,6
afro,6
atau,6
ava,6
birthday,6
blank,6
break,6
breast,6
case,6
chromebook,6
city,6
codashop,6
consideration,6
contact,6
crowd,6
damn,6
dawson,6
disconnect,6
diversity,6
dream,6
expectation,6
eyelash,6
eyeliner,6
fall,6
fitur,6
forget,6
grammar,6
hangout,6
happend,6
hapus,6
hard,6
heat,6
homepage,6
instance,6
klo,6
lebih,6
liat,6
lie,6
lng,6
lose,6
maintenance,6
mark,6
method,6
mga,6
minigame,6
mulu,6
ngelag,6
nope,6
official,6
offs,6
orang,6
pack,6
permission,6
plis,6
plssss,6
promise,6
redownload,6
refuse,6
rule,6
sale,6
shock,6
shoot,6
simple,6
skip,6
smh,6
speaker,6
spending,6
student,6
sudah,6
suggest,6
symbol,6
tak,6
term,6
thought,6
tone,6
txt,6
wasnt,6
wow,6
wth,6
yah,6
ability,5
accesories,5
afterwards,5
amd,5
apk,5
aplikasinya,5
arent,5
art,5
attempt,5
avoid,5
becuase,5
becuz,5
blurry,5
business,5
cap,5
car,5
category,5
chatroom,5
circle,5
collab,5
collaboration,5
compare,5
con,5
condition,5
consumes,5
dapat,5
deduct,5
delet,5
die,5
display,5
disturb,5
dowload,5
drain,5
ear,5
encounter,5
erase,5
explain,5
export,5
female,5
finish,5
flaw,5
frame,5
furniture,5
ghost,5
hai,5
harder,5
honest,5
info,5
kan,5
kaya,5
lil,5
listen,5
lucky,5
maganda,5
mais,5
masa,5
middle,5
misi,5
mistake,5
mouth,5
movie,5
opportunity,5
package,5
percent,5
pink,5
position,5
prblm,5
pretty,5
preview,5
probs,5
punya,5
realy,5
recognition,5
require,5
resolve,5
resource,5
restriction,5
risk,5
saat,5
saja,5
saw,5
scary,5
security,5
sekali,5
set,5
shane,5
shut,5
sir,5
sit,5
slide,5
smth,5
soalnya,5
somebody,5
somehow,5
sooner,5
source,5
speak,5
spyware,5
starter,5
suppose,5
suspend,5
terimakasih,5
terlalu,5
tha,5
thiz,5
tip,5
town,5
travel,5
trs,5
virus,5
wear,5
zen,5
abt,4
accident,4
accurate,4
advertisement,4
akhir,4
alright,4
animate,4
appreciate,4
arrival,4
back,4
bag,4
bagi,4
baju,4
bank,4
bcz,4
benefit,4
bgt,4
blah,4
blury,4
board,4
boleh,4
boot,4
booth,4
boyfriend,4
brother,4
buena,4
cam,4
capcut,4
capture,4
catch,4
cellphone,4
charge,4
class,4
closet,4
clothe,4
collection,4
contains,4
continue,4
convert,4
corner,4
creat,4
cuando,4
cukup,4
culture,4
customisation,4
customisations,4
dapet,4
dari,4
description,4
difference,4
difficulty,4
disappointment,4
diverse,4
dollar,4
dpt,4
draw,4
drive,4
dumb,4
dunia,4
excellent,4
exchange,4
express,4
fail,4
favorite,4
freinds,4
gamenya,4
gane,4
graphic,4
gtz,4
gua,4
hand,4
handle,4
hanya,4
harga,4
hari,4
hassle,4
hat,4
heck,4
hehe,4
hide,4
huhu,4
imvu,4
insta,4
instruction,4
intro,4
invite,4
jem,4
joke,4
jungkook,4
kill,4
knp,4
korea,4
lagg,4
laro,4
launch,4
leaf,4
lobby,4
los,4
masalah,4
mask,4
meh,4
men,4
mohon,4
muslim,4
muy,4
non,4
offline,4
omg,4
pair,4
pass,4
pengen,4
pernah,4
philippine,4
photobooths,4
piercings,4
plan,4
playstore,4
pleaseee,4
poc,4
poco,4
policy,4
popularity,4
por,4
privacy,4
problema,4
program,4
proof,4
racist,4
range,4
read,4
realize,4
reboot,4
region,4
relax,4
reload,4
remove,4
repeat,4
requirement,4
restore,4
rip,4
rude,4
school,4
score,4
seem,4
selfie,4
semakin,4
sensitivity,4
seperti,4
setelah,4
signal,4
sikit,4
simulator,4
slove,4
slowness,4
somethings,4
soooooo,4
spinner,4
square,4
staff,4
stand,4
struggle,4
sync,4
tapjoy,4
tapos,4
teen,4
threat,4
towards,4
trade,4
traffic,4
transfer,4
trus,4
truth,4
usernames,4
value,4
wavy,4
wherein,4
wierd,4
youtuber,4
youu,4
zepetto,4
abd,3
acount,3
adjustment,3
agak,3
agar,3
agen,3
agency,3
algo,3
alien,3
allows,3
allways,3
amp,3
anime,3
anymore,3
arrow,3
artist,3
avator,3
backing,3
backround,3
balik,3
bat,3
beacause,3
beberapa,3
becase,3
belum,3
bermain,3
beside,3
bet,3
bikini,3
bilang,3
bitmoji,3
blink,3
blur,3
broke,3
broken,3
build,3
burn,3
camp,3
char,3
charcter,3
che,3
chest,3
chill,3
chubby,3
clearing,3
clip,3
close,3
collision,3
comeback,3
conspiracy,3
consume,3
consumption,3
controler,3
crack,3
creativity,3
cross,3
cuman,3
cursor,3
customer,3
customise,3
customizations,3
dapetin,3
darker,3
death,3
decent,3
delay,3
demon,3
diff,3
dlu,3
doang,3
downloads,3
draft,3
dread,3
drees,3
dressup,3
dunno,3
easy,3
embarrass,3
esp,3
eventho,3
explanation,3
explore,3
expression,3
favoritism,3
file,3
fill,3
fixe,3
folk,3
form,3
freedom,3
gacha,3
gatau,3
gawa,3
geez,3
gif,3
gifs,3
glass,3
gold,3
goodluck,3
gotten,3
gtu,3
haft,3
haha,3
hardwork,3
hearing,3
heel,3
hindi,3
hmm,3
hmmm,3
homescreen,3
ignore,3
import,3
inconvenience,3
india,3
inspire,3
interface,3
ipad,3
itll,3
itt,3
itttt,3
jam,3
jan,3
jangan,3
japan,3
jaringan,3
jogo,3
kebuka,3
kept,3
keren,3
kesel,3
koin,3
kung,3
lagges,3
laptop,3
lash,3
lip,3
lipstick,3
litteraly,3
live,3
loadingnya,3
locate,3
lottery,3
maksa,3
mana,3
march,3
meeting,3
menurut,3
messenger,3
miitomo,3
mix,3
muchh,3
mucho,3
multiplayer,3
murah,3
nag,3
necklace,3
nge,3
ngl,3
nicer,3
nobody,3
obsess,3
ofc,3
offense,3
optimization,3
optimize,3
pake,3
paste,3
patah,3
pelit,3
perbaikan,3
perspective,3
pet,3
piss,3
pixel,3
plzzz,3
pointless,3
possibility,3
posture,3
potato,3
pre,3
processing,3
promblem,3
pun,3
punch,3
purple,3
quite,3
race,3
rage,3
raise,3
rasa,3
reality,3
rearrange,3
receipt,3
receive,3
recommendation,3
regard,3
relationship,3
relog,3
remember,3
revert,3
roll,3
router,3
rugi,3
sampe,3
sana,3
scammer,3
sec,3
sedikit,3
segala,3
selfies,3
semua,3
sent,3
sex,3
shift,3
shout,3
sims,3
sinyal,3
sleep,3
software,3
solo,3
sooooooo,3
spook,3
srry,3
stranger,3
suit,3
sya,3
taller,3
tambah,3
teenager,3
tetapi,3
tge,3
thay,3
ther,3
theyre,3
thi,3
thier,3
tiap,3
tick,3
tock,3
tool,3
toooo,3
tpi,3
tuh,3
twt,3
unfair,3
updation,3
upset,3
username,3
visuals,3
wala,3
wallpaper,3
wast,3
water,3
weight,3
wount,3
xxx,3
zapeto,3
zepetors,3
zodiac,3
aaaa,2
abis,2
accompany,2
ace,2
adjust,2
adore,2
advantage,2
advert,2
advice,2
ahve,2
aint,2
allot,2
alredy,2
alwayss,2
anak,2
analog,2
andrew,2
aneh,2
angle,2
ankle,2
annoys,2
ano,2
anytime,2
appblock,2
appearance,2
appp,2
arm,2
arrangement,2
article,2
asf,2
aslo,2
aspect,2
asus,2
avatoon,2
awalnya,2
award,2
badass,2
baguss,2
bahwa,2
bajunya,2
bakal,2
balance,2
bare,2
barley,2
bawah,2
beach,2
beacuse,2
beanie,2
beautiful,2
bec,2
becaus,2
begitu,2
beh,2
benar,2
bener,2
berapa,2
beri,2
berjam,2
berkurang,2
berulang,2
besides,2
bestie,2
biar,2
birthmark,2
blame,2
bless,2
blm,2
bngt,2
bold,2
bole,2
bonus,2
book,2
boom,2
botak,2
braid,2
brings,2
broadband,2
browse,2
browser,2
budge,2
budget,2
bukan,2
buruk,2
butter,2
buyer,2
buz,2
buzz,2
byee,2
cabelo,2
cancel,2
cancer,2
caracter,2
careful,2
caros,2
celebrity,2
challange,2
channel,2
charater,2
cheaper,2
chiant,2
chlothes,2
choo,2
climb,2
club,2
coat,2
cod,2
coda,2
collaborate,2
commit,2
compte,2
confirm,2
conis,2
connecter,2
connects,2
contain,2
controller,2
convenient,2
correct,2
cough,2
crate,2
crazy,2
cringe,2
curl,2
damit,2
dare,2
daters,2
davvero,2
decline,2
decor,2
decoration,2
deh,2
del,2
deletes,2
describe,2
deserve,2
deserves,2
designer,2
detect,2
development,2
devil,2
devs,2
dia,2
dibuat,2
dibutuhkan,2
diga,2
dikasih,2
dimonds,2
dinownload,2
dint,2
diomands,2
disadvantage,2
disappear,2
disconnection,2
discrimination,2
disguise,2
dislike,2
disney,2
dissapoint,2
distance,2
distort,2
disturbance,2
disuruh,2
dog,2
doubt,2
drama,2
duit,2
duper,2
ease,2
editor,2
element,2
emo,2
engage,2
english,2
enternet,2
entertainment,2
eror,2
eventhough,2
everyday,2
excite,2
excitement,2
exo,2
expensive,2
eyeshadow,2
facility,2
faire,2
fake,2
fam,2
fansign,2
fat,2
father,2
favor,2
favourite,2
feb,2
felt,2
feminine,2
fiks,2
filipino,2
film,2
finger,2
fire,2
fiture,2
flip,2
floor,2
forgotten,2
fortune,2
found,2
fraud,2
freind,2
friendship,2
front,2
froze,2
funny,2
fyp,2
gamee,2
ganda,2
ganhar,2
ganti,2
gay,2
generate,2
gimana,2
gliches,2
glithes,2
glitter,2
goal,2
grade,2
grafik,2
grafiknya,2
gran,2
grateful,2
guideline,2
gusto,2
hago,2
hahahah,2
haih,2
hame,2
harass,2
hardware,2
harry,2
hasilnya,2
hasnt,2
havnt,2
havr,2
hay,2
headache,2
headphone,2
hehehe,2
helo,2
helpful,2
het,2
hii,2
hiii,2
hit,2
hlep,2
hoodies,2
horror,2
hours,2
hoy,2
hug,2
hve,2
hye,2
ice,2
iklan,2
ilove,2
ima,2
imma,2
inappropriate,2
income,2
infact,2
inform,2
ingin,2
initialize,2
injoy,2
input,2
installe,2
interior,2
introduce,2
inventory,2
invitation,2
iphones,2
ipon,2
irl,2
ittt,2
itz,2
itzy,2
ive,2
iya,2
jadinya,2
jaystations,2
jdi,2
jogos,2
juego,2
jujur,2
jum,2
jumping,2
jus,2
kami,2
kanan,2
kapag,2
karena,2
karna,2
kasi,2
katanya,2
kayak,2
kedua,2
kembali,2
kena,2
kene,2
ket,2
kinky,2
kira,2
kiri,2
koneksi,2
korean,2
kuota,2
laga,2
lagy,2
lain,2
lame,2
langsung,2
layer,2
learn,2
least,2
leave,2
legend,2
lemot,2
length,2
lento,2
lighter,2
lima,2
limitation,2
lisa,2
lods,2
logout,2
lucu,2
luv,2
maap,2
macet,2
mahanap,2
maid,2
mainin,2
mainnya,2
maintenence,2
maju,2
malaysia,2
malfunction,2
mannequin,2
material,2
mechanism,2
memang,2
mengapa,2
menggunakan,2
menit,2
menunggu,2
mesages,2
messy,2
minimum,2
mohawk,2
molto,2
momoland,2
mood,2
moth,2
mto,2
muchhhh,2
muito,2
multiple,2
mundur,2
mush,2
musik,2
nada,2
nak,2
nalang,2
naverz,2
navigate,2
nerve,2
ness,2
neto,2
news,2
nggak,2
nih,2
noww,2
nyelesain,2
nyo,2
obby,2
ocs,2
one,2
org,2
organize,2
oufit,2
output,2
overall,2
overload,2
pakek,2
pano,2
parah,2
paranoid,2
parkour,2
pasti,2
pattern,2
paytm,2
peace,2
pegi,2
penuh,2
penyimpanan,2
pera,2
percentage,2
period,2
perlu,2
permainan,2
personalization,2
pertama,2
pfp,2
photoboth,2
photoshoot,2
piece,2
pit,2
pitch,2
piz,2
plain,2
pleade,2
pleaseeee,2
plenty,2
plssssss,2
plsssssss,2
plzzzz,2
ponsel,2
popstar,2
posse,2
potential,2
potter,2
pour,2
predator,2
prepare,2
presyo,2
prevent,2
pricy,2
priumium,2
promote,2
proplem,2
proxy,2
pubg,2
quick,2
rambut,2
rank,2
realise,2
reccomend,2
recharge,2
redmi,2
refresh,2
regret,2
rejoin,2
reliever,2
religion,2
reopen,2
representation,2
resale,2
resemblance,2
respect,2
reveiw,2
rewrite,2
ribet,2
ripoff,2
road,2
rock,2
roleplayers,2
round,2
row,2
ruang,2
safety,2
saids,2
sakte,2
satisfaction,2
sayin,2
scare,2
screenshot,2
scretch,2
sebelum,2
sehingga,2
selalu,2
selesai,2
semangat,2
semuanya,2
senang,2
sentence,2
seronok,2
session,2
setting,2
shame,2
shouldnt,2
shuts,2
sideways,2
sigh,2
sim,2
siya,2
skill,2
skirt,2
sky,2
slider,2
slime,2
smile,2
snap,2
snapdragon,2
snow,2
som,2
somone,2
son,2
spawn,2
spell,2
spoil,2
spread,2
stalker,2
startup,2
stick,2
strange,2
strategy,2
straykids,2
study,2
sue,2
suffer,2
surprise,2
suspends,2
tan,2
tangina,2
temen,2
tements,2
temp,2
tener,2
tengok,2
terbaru,2
terjadi,2
tetap,2
tfen,2
thang,2
thir,2
thirty,2
thnks,2
thnx,2
thou,2
thousand,2
thr,2
throat,2
throw,2
thumbnail,2
thw,2
tiga,2
timer,2
toe,2
toks,2
tolong,2
tooks,2
tooo,2
touch,2
tower,2
toxic,2
transaction,2
translation,2
transparent,2
travando,2
trip,2
tunggu,2
uhm,2
unsure,2
uploads,2
uwu,2
vedio,2
ver,2
versa,2
versi,2
vice,2
vist,2
vivo,2
vote,2
waktu,2
wardrobe,2
weather,2
weirdo,2
welp,2
wen,2
whan,2
whene,2
whenevr,2
wht,2
window,2
winner,2
wird,2
woke,2
wonderland,2
woul,2
xiaomi,2
yall,2
yor,2
youre,2
youtub,2
yun,2
yuno,2
zap,2
zcoin,2
zcoins,2
zeditors,2
zeepeto,2
zep,2
zepedo,2
zepetor,2
zim,2
zone,2
aaa,1
aad,1
aapko,1
abbdate,1
abit,1
absolute,1
acatel,1
acccoris,1
accecories,1
accedentaly,1
accelate,1
accelerate,1
accepts,1
acces,1
accord,1
accrissors,1
accuracy,1
accusation,1
acessories,1
achats,1
ache,1
acooucunt,1
activate,1
actuallt,1
addictive,1
addition,1
adhd,1
admit,1
adress,1
advance,1
advertise,1
aerrsya,1
afer,1
affort,1
africa,1
afrodedcendants,1
afterall,1
afterschool,1
agent,1
aggravate,1
agin,1
agradeseria,1
agree,1
agtrq,1
aiagn,1
ailis,1
ailleurs,1
aim,1
aime,1
ajudar,1
ajuro,1
aka,1
akaesoris,1
akhirnya,1
ala,1
alanandjay,1
albinism,1
album,1
alcatel,1
alert,1
alhamdullilah,1
align,1
alisya,1
alll,1
allthough,1
aloooott,1
alottttttttt,1
alreadh,1
alternate,1
altre,1
alwasy,1
alwys,1
ama,1
amat,1
amazingg,1
amen,1
america,1
amiga,1
amik,1
amin,1
amost,1
ampun,1
amputangina,1
amusement,1
anche,1
andd,1
anderstand,1
andito,1
ane,1
anf,1
angela,1
angrier,1
ani,1
aniamtions,1
animal,1
animasi,1
animayion,1
animoji,1
anisha,1
anklet,1
anna,1
annoyance,1
annoyed,1
annoyin,1
answerd,1
anxiety,1
anybody,1
anymorr,1
anythin,1
apaka,1
apakah,1
apalagi,1
apart,1
apartment,1
ape,1
apknya,1
apl,1
apord,1
appear,1
apply,1
appm,1
appropriate,1
approx,1
aps,1
apss,1
arabic,1
arcamera,1
arcore,1
areator,1
argh,1
aristo,1
army,1
ashlynxluvv,1
asik,1
assez,1
assign,1
assistant,1
assume,1
assure,1
aswel,1
asyik,1
atar,1
ate,1
atleats,1
attitude,1
audience,1
aussi,1
authenticity,1
autism,1
automate,1
avataror,1
avater,1
avators,1
awal,1
awful,1
awhile,1
awiiit,1
awts,1
aying,1
ayolah,1
ayos,1
ayus,1
ayusen,1
ayusin,1
baar,1
babaan,1
baby,1
bacames,1
bach,1
backdrop,1
backgroud,1
backgrouds,1
backk,1
backup,1
badan,1
bagaimana,1
bagiin,1
bagusss,1
bahasa,1
bahhh,1
baikkan,1
bakar,1
bakit,1
ball,1
balloon,1
bam,1
banciii,1
bang,1
bangettttttttttttttttttttttttttttttttttttttttttttttttttttttttttttttttttttttttttttttttttttttttttttttttttttttttttttttttttttttttttttttttttttttttttttttttttttttttttttttttt,1
bangle,1
banking,1
bankruptcy,1
bantu,1
bara,1
barang,1
barrier,1
basicly,1
basis,1
basketball,1
bathroom,1
batoa,1
batter,1
battle,1
bawa,1
bawal,1
bawas,1
bazir,1
bbfs,1
bbut,1
bcause,1
bcos,1
bczz,1
beacuase,1
beacus,1
beacuz,1
beany,1
beaucoup,1
beautifuli,1
becames,1
becane,1
becauze,1
becayse,1
becos,1
becouse,1
becs,1
becues,1
becz,1
bed,1
bee,1
beep,1
beforehand,1
begg,1
begginners,1
begineers,1
beginner,1
begitulah,1
behel,1
beliin,1
bella,1
benarkan,1
benerin,1
ber,1
berharap,1
berjalan,1
berkali,1
bermasalah,1
bertemen,1
beru,1
berupa,1
besoin,1
bestest,1
bestfriend,1
beta,1
bettterrrr,1
betyer,1
beugue,1
bevause,1
beware,1
bff,1
bffr,1
bffs,1
bgs,1
bgtt,1
bgy,1
bhi,1
bht,1
bias,1
biasa,1
bibigay,1
bien,1
bigbang,1
biger,1
bilal,1
billionaire,1
bingung,1
binti,1
biography,1
bios,1
bir,1
biru,1
bisaaa,1
bithday,1
bkq,1
blance,1
blh,1
blind,1
blood,1
bloody,1
bloom,1
blotch,1
blouse,1
blowing,1
bluestacks,1
blum,1
blux,1
bntang,1
boa,1
bodyshape,1
bodyshapes,1
boi,1
boiiii,1
bom,1
bomb,1
bon,1
bone,1
bonfire,1
bonne,1
boomoji,1
bor,1
boredness,1
born,1
borough,1
borrow,1
bosen,1
bot,1
bottn,1
bout,1
boyfie,1
bracelet,1
brain,1
bralettes,1
bright,1
brighter,1
briliant,1
broblem,1
bromlem,1
broter,1
brothets,1
brp,1
bruhh,1
bryce,1
bsf,1
btc,1
btsxseven,1
buddy,1
bueaty,1
bueno,1
buffer,1
buffering,1
bugga,1
buggato,1
buggs,1
bugy,1
buh,1
bukannya,1
bukas,1
bullying,1
bulun,1
bum,1
bun,1
burden,1
burry,1
bus,1
busan,1
bust,1
buta,1
buti,1
butiheard,1
butt,1
buttt,1
buttton,1
buttun,1
butuh,1
butwhen,1
bwcause,1
bwisit,1
bwt,1
bxbes,1
bxnnytashazpt,1
bypass,1
byy,1
cacheado,1
cada,1
cahracters,1
calendar,1
callmesakurani,1
calm,1
camb,1
cameback,1
cand,1
cane,1
cann,1
capability,1
capacity,1
cape,1
capital,1
caption,1
cara,1
carachter,1
cargan,1
carina,1
cashless,1
castle,1
casue,1
cat,1
catalog,1
categorize,1
catnoir,1
ceeps,1
celebration,1
celebs,1
century,1
cepat,1
cercatemi,1
cette,1
chachter,1
chaeacter,1
chaeacters,1
chage,1
chair,1
chake,1
chang,1
changer,1
chapter,1
charcte,1
charecter,1
charector,1
chareter,1
charicter,1
charlie,1
charoooooot,1
chart,1
charter,1
chatbox,1
cheap,1
cheat,1
checkerd,1
cheep,1
chep,1
cherry,1
cherrybullet,1
china,1
chinat,1
chine,1
chlte,1
cho,1
chongkorei,1
chop,1
choreography,1
chosen,1
chracter,1
chracters,1
chromebooks,1
chsnge,1
ciee,1
cierra,1
ciertos,1
cil,1
cinnamoroll,1
cirina,1
cite,1
civic,1
claraaazepeto,1
clarifies,1
classification,1
classroom,1
claw,1
clean,1
cleaning,1
client,1
clohes,1
clone,1
closest,1
closit,1
closo,1
clutter,1
cmmt,1
cmn,1
cmon,1
coaster,1
cob,1
coba,1
codeee,1
codice,1
coffee,1
coincidence,1
col,1
coleect,1
collide,1
colosd,1
column,1
combination,1
combine,1
combo,1
comedy,1
coment,1
comme,1
comnection,1
comparison,1
compensation,1
compete,1
complains,1
complate,1
complicate,1
compliquer,1
complt,1
component,1
comprar,1
compro,1
compromise,1
conduct,1
conection,1
conexi,1
confidence,1
confuses,1
congelado,1
connectionbis,1
connectivity,1
conpicercy,1
consegue,1
conseguir,1
considerate,1
consperacy,1
constumes,1
contestant,1
conto,1
contohnya,1
contrase,1
contribute,1
controlers,1
controversy,1
contry,1
cookie,1
cooler,1
coolpad,1
cooperation,1
cop,1
corp,1
corporat,1
correction,1
correo,1
corrupts,1
cosmetic,1
cosplay,1
costimization,1
costomize,1
costumise,1
costumization,1
counldnt,1
couse,1
cowboy,1
cowok,1
coyy,1
cream,1
creater,1
creativety,1
creats,1
creep,1
creo,1
cringey,1
criterion,1
crush,1
csn,1
cuales,1
cuba,1
cuddle,1
cuenta,1
cup,1
curly,1
curse,1
cuss,1
customazation,1
customizemy,1
customizer,1
custumize,1
cuteeeee,1
cutesy,1
cutielusi,1
cya,1
cyber,1
dack,1
daghan,1
daha,1
dahil,1
dahulu,1
dalam,1
dam,1
damm,1
damot,1
danger,1
dangrouse,1
dans,1
danse,1
dapatnya,1
dar,1
dat,1
datany,1
datanya,1
dater,1
dather,1
david,1
dawnload,1
daya,1
dayhun,1
daylight,1
ddr,1
deadlock,1
dear,1
debe,1
deber,1
decision,1
deck,1
deepweb,1
defeat,1
defect,1
defult,1
deja,1
deject,1
dekat,1
delivery,1
demais,1
demand,1
demi,1
dengan,1
denme,1
dentro,1
deo,1
deos,1
deosnt,1
depend,1
depends,1
depiction,1
depweb,1
desain,1
descent,1
descoctin,1
desert,1
deservation,1
desperate,1
destination,1
destroy,1
detailer,1
detects,1
develope,1
devi,1
devient,1
devise,1
devolepers,1
dghjiuytrryu,1
diamante,1
diaminds,1
diapus,1
dibanyakin,1
dibenerin,1
diberikan,1
dident,1
didi,1
didint,1
didnot,1
didownload,1
didt,1
dif,1
differint,1
differwncr,1
difficile,1
difficulti,1
diffucult,1
dig,1
digunakan,1
diistake,1
dikendalikan,1
diketahui,1
dikit,1
diko,1
dikunci,1
dili,1
dimension,1
din,1
dinner,1
dinosaur,1
direction,1
directs,1
dirty,1
disapear,1
disappearance,1
disappears,1
disastro,1
discontinue,1
discover,1
discussion,1
diseappers,1
dismiss,1
dissapears,1
dissapiontes,1
dissapointing,1
disseapers,1
distant,1
distract,1
distribution,1
disturbs,1
ditingkatkan,1
diurus,1
diventando,1
divertida,1
divide,1
divorce,1
dna,1
doan,1
dodgy,1
dodownload,1
doees,1
doen,1
doki,1
dollers,1
dollhouse,1
domino,1
donate,1
donggg,1
donot,1
donwload,1
dood,1
dooper,1
door,1
dosen,1
dot,1
dowlond,1
downgrade,1
downloaders,1
downloadi,1
downloand,1
downlod,1
downlode,1
downlowd,1
downside,1
dpet,1
dragon,1
drainer,1
drasses,1
dreadlock,1
dreds,1
drink,1
drp,1
drug,1
duck,1
dud,1
duhhh,1
dula,1
duluan,1
dum,1
dump,1
duplicate,1
dwnld,1
dye,1
dynamite,1
eager,1
earings,1
earm,1
easter,1
easyer,1
easyly,1
easyyyyyyyyyyyyyyyyyyyyyyyy,1
eats,1
ech,1
edge,1
eel,1
efficiency,1
efford,1
egy,1
ehm,1
ehsan,1
eill,1
ekte,1
eles,1
elsr,1
eman,1
emang,1
embrace,1
emel,1
emergency,1
emjois,1
emote,1
emotes,1
enables,1
encuestas,1
endless,1
eng,1
engga,1
engine,1
enhancer,1
enlightenment,1
enspensive,1
entah,1
enters,1
entienda,1
entiendo,1
entrar,1
entry,1
environment,1
envy,1
eny,1
epiphany,1
equip,1
equipment,1
era,1
especialy,1
esse,1
esta,1
estimation,1
estrellas,1
eversince,1
everythings,1
eveyone,1
evidence,1
evryone,1
evrytime,1
excetera,1
exclude,1
excrpt,1
execute,1
execution,1
exellent,1
exercise,1
exhaust,1
existe,1
expand,1
expansion,1
expect,1
expense,1
expensiveeeee,1
expertise,1
expire,1
explode,1
exsplor,1
extent,1
extract,1
eyeline,1
facbook,1
facebookgame,1
facemask,1
facilitar,1
facke,1
factor,1
failure,1
falta,1
fame,1
fare,1
fashioj,1
faster,1
fastforwards,1
faudrait,1
faves,1
favore,1
favorit,1
fazer,1
fckng,1
feauture,1
fee,1
feeling,1
feo,1
ferris,1
fexsit,1
ffs,1
fic,1
fight,1
finishany,1
fish,1
fist,1
fixthis,1
fixx,1
fixxx,1
fixxxxxxx,1
flagship,1
float,1
flutter,1
focus,1
foe,1
fogot,1
fois,1
followez,1
fond,1
foor,1
foot,1
forbidden,1
fore,1
forehead,1
forevaaaa,1
forevvvvverrrr,1
fornight,1
forth,1
forver,1
forward,1
fosse,1
fot,1
fox,1
fpr,1
fps,1
france,1
freaky,1
freckle,1
freins,1
frezzing,1
frick,1
frickin,1
fricking,1
friday,1
friendlt,1
friennds,1
frienship,1
frnds,1
fron,1
frozens,1
frustration,1
fuc,1
fudge,1
fulfil,1
fullfill,1
funn,1
funner,1
funtions,1
fuse,1
fux,1
fuy,1
gaana,1
gabut,1
gachalife,1
gache,1
gadget,1
gagner,1
gaim,1
gajelas,1
gakbisa,1
gakebuka,1
gambar,1
gamble,1
gameand,1
gameee,1
gamer,1
gami,1
gamit,1
ganar,1
ganna,1
gap,1
gapapa,1
gara,1
garage,1
garbage,1
garden,1
gari,1
gastos,1
gate,1
gather,1
gausa,1
gausah,1
gawdddd,1
gawin,1
gaya,1
gby,1
gcash,1
geams,1
gege,1
gelek,1
gembira,1
gembut,1
gemini,1
gemz,1
generation,1
generator,1
geng,1
gente,1
gerb,1
gett,1
gify,1
gim,1
gimanasih,1
ginawa,1
gini,1
gipit,1
gitch,1
giveaway,1
gix,1
gizz,1
glachey,1
glad,1
glance,1
glich,1
gliching,1
glichy,1
glichyness,1
glitchung,1
glitchyness,1
glithces,1
glithches,1
glithey,1
glithy,1
glitiching,1
glitz,1
globe,1
gmbr,1
gmn,1
gnti,1
godams,1
godbells,1
godbless,1
goin,1
goinn,1
gooder,1
goodness,1
goog,1
goole,1
gooood,1
gosh,1
goto,1
gouesshee,1
government,1
goyang,1
gpay,1
grammer,1
grant,1
graphcis,1
gratis,1
gravict,1
gray,1
greatful,1
greedy,1
greets,1
grey,1
grhapics,1
grid,1
grind,1
gripe,1
groom,1
ground,1
grouos,1
grr,1
gtg,1
guarda,1
guardo,1
gue,1
guidance,1
gumagana,1
gun,1
guna,1
gunna,1
gurms,1
guse,1
gusta,1
gustar,1
guve,1
gve,1
gwehj,1
gwg,1
gworl,1
haaaate,1
hab,1
habis,1
hacerlo,1
hacerlos,1
hadiah,1
hadiahnya,1
hadoh,1
haf,1
hag,1
hages,1
hahah,1
hahahahhahahahahhahahahahahhahahahahahahhahahahahahahahahhahahahahahahhahahahahahahahhahahahahahhahahahhahahahahhahahahah,1
hahahcherettt,1
hahahhaha,1
hahang,1
hak,1
haker,1
hakers,1
hala,1
halfway,1
hallo,1
halus,1
handshake,1
hanggs,1
happenedddd,1
happydorabanana,1
hardbto,1
harddd,1
hardothe,1
harganya,1
harini,1
harusnya,1
hashtag,1
hastag,1
hater,1
hati,1
hause,1
havker,1
hayz,1
headband,1
headwear,1
health,1
hearth,1
heater,1
heating,1
heheh,1
hehehehe,1
hehehehhehe,1
height,1
helium,1
hence,1
heve,1
hhahaha,1
hiatus,1
hice,1
high,1
highlight,1
higlights,1
hikss,1
hilangin,1
hill,1
hinders,1
hingga,1
hip,1
hirap,1
history,1
hob,1
hobby,1
hoe,1
hole,1
holla,1
hombre,1
hona,1
honesty,1
honour,1
hooooy,1
hopefull,1
hopw,1
horny,1
horrible,1
hospital,1
household,1
hshshs,1
huaaa,1
huawei,1
hubby,1
huffffffttttttttt,1
huft,1
huhuhu,1
humairah,1
humanise,1
hump,1
hunt,1
hunter,1
hurry,1
hurt,1
iba,1
ibalik,1
ibang,1
ibgot,1
ibig,1
ibispaint,1
idc,1
idek,1
identify,1
identity,1
idiot,1
idownload,1
ieor,1
ifols,1
ignments,1
ihate,1
ihhh,1
ihope,1
ilegal,1
ilike,1
illl,1
imagine,1
imbasnya,1
imgination,1
imjaystaion,1
impact,1
implement,1
imposs,1
improvenents,1
improves,1
inaproprate,1
inbox,1
inbuilt,1
inch,1
include,1
incoherent,1
inconvenient,1
indian,1
indo,1
indulge,1
infant,1
infection,1
infulncer,1
infuriate,1
ingame,1
iniciar,1
inii,1
ininggit,1
initialise,1
inizio,1
innapropriate,1
inprovements,1
insane,1
insead,1
insecurity,1
insert,1
instalk,1
installs,1
instence,1
instende,1
instrument,1
intent,1
intente,1
inter,1
interactivity,1
interferes,1
interrelate,1
interruption,1
interruptts,1
intersting,1
intract,1
intrigue,1
introduction,1
inutes,1
investigate,1
ion,1
iove,1
iran,1
ireland,1
irene,1
iri,1
iria,1
iron,1
irrate,1
irritates,1
isengin,1
iser,1
isip,1
island,1
isna,1
issa,1
itbthen,1
iteam,1
iteams,1
itkeeps,1
itm,1
itmake,1
itsmehvienne,1
itsnt,1
ittttt,1
itwas,1
iuur,1
ivang,1
izzara,1
jackpot,1
jacksonville,1
jadikan,1
jahannam,1
jair,1
jaisa,1
jamp,1
janky,1
jarang,1
java,1
javascript,1
jave,1
jay,1
jaydstaoin,1
jean,1
jeep,1
jeez,1
jeezzzzzzzzz,1
jelah,1
jelek,1
jeon,1
jeonjungkook,1
jer,1
jessy,1
jeu,1
jewelry,1
jga,1
jika,1
jjd,1
jnvpkr,1
johnny,1
joinmy,1
jotaro,1
jouer,1
joy,1
joystick,1
jthi,1
judge,1
juegos,1
july,1
jumper,1
june,1
junk,1
junpei,1
juseyo,1
justice,1
justin,1
justo,1
justt,1
jusy,1
kaayo,1
kac,1
kadang,1
kagak,1
kah,1
kai,1
kak,1
kaka,1
kamii,1
kamkuleto,1
kanang,1
kanya,1
kapasitas,1
kar,1
karakter,1
karen,1
kase,1
kaso,1
kata,1
kate,1
katry,1
kawal,1
kay,1
kayu,1
kazan,1
kazanabilmeliyiz,1
kazzi,1
kbye,1
kees,1
keesolannya,1
kegunaan,1
kek,1
kembaliin,1
kembalikanzepetodlu,1
kembangkan,1
kenmy,1
kenp,1
kepada,1
kepton,1
kepuasan,1
kerana,1
kerasa,1
kerja,1
kesalahan,1
kesayangan,1
kesedot,1
kesusahan,1
key,1
keybrd,1
khel,1
kicsit,1
kidnaps,1
killer,1
kimseokjin,1
kimtaehyung,1
kinemaster,1
kinginanyoo,1
kinuha,1
kiss,1
kita,1
kitty,1
klw,1
kmrn,1
knife,1
knockoff,1
knowledge,1
knpa,1
kolay,1
kolng,1
kolopo,1
kontrol,1
korang,1
kot,1
kpoo,1
kpopers,1
kpoppies,1
kpopworld,1
kriti,1
krn,1
krna,1
ksh,1
kumuha,1
kurang,1
kurangin,1
kuru,1
kya,1
kyk,1
laaagg,1
lacy,1
ladder,1
lady,1
ladybug,1
laggg,1
laggggggggg,1
laggin,1
laggs,1
laggu,1
laggyness,1
lagness,1
lagnya,1
lahir,1
laim,1
laju,1
laki,1
lalu,1
lambat,1
lancar,1
landscape,1
langueage,1
latey,1
latter,1
laurenzside,1
layar,1
lead,1
lease,1
leggendo,1
leklu,1
lenne,1
lenovo,1
lentissima,1
lepas,1
leper,1
lessen,1
lewat,1
lexi,1
lgi,1
liberty,1
license,1
like,1
likea,1
likee,1
likewise,1
lilac,1
lime,1
lineplay,1
lipa,1
liso,1
listens,1
lit,1
lite,1
litel,1
litsen,1
little,1
living,1
lke,1
lmfao,1
loads,1
loan,1
lobe,1
locs,1
lod,1
lodge,1
loggin,1
logic,1
logins,1
loh,1
lokal,1
loko,1
lompat,1
longggggggggggggg,1
loods,1
loos,1
lord,1
lorelai,1
loss,1
louisiana,1
loveee,1
lover,1
loveyou,1
lovr,1
low,1
lowbat,1
luckyness,1
luggage,1
lumayan,1
luna,1
lupa,1
luxo,1
lvl,1
lyss,1
lyssy,1
maaf,1
maannnn,1
maayos,1
mabulunan,1
maby,1
mac,1
macam,1
mach,1
mack,1
mades,1
maennya,1
mafia,1
mageenter,1
magkakajowa,1
magloading,1
mahirap,1
mainn,1
maintain,1
maintance,1
majin,1
majority,1
maka,1
makasih,1
maken,1
makeover,1
makesure,1
makin,1
malam,1
mall,1
mam,1
mamahal,1
mame,1
mammy,1
management,1
mandi,1
manner,1
mannerless,1
manu,1
manytimes,1
manyyyyyyyyyyy,1
mapnya,1
marah,1
marami,1
marine,1
markes,1
market,1
marketing,1
marry,1
marsh,1
mary,1
masculinos,1
mash,1
masi,1
masterpiece,1
mata,1
mataas,1
matagal,1
matanya,1
mate,1
mati,1
mch,1
mcm,1
meant,1
meantion,1
meassage,1
mediocre,1
medyo,1
mee,1
meeee,1
meg,1
meganon,1
memandang,1
membership,1
membuat,1
membutuhkan,1
memoji,1
menampung,1
menarik,1
mend,1
mendapat,1
menemuka,1
menerima,1
mengalaminya,1
menganggu,1
menganggur,1
mengatakan,1
mengerti,1
mengganggu,1
mengganti,1
menghabis,1
menghapus,1
menghasilkan,1
mengup,1
mengupdate,1
meningkat,1
menjadi,1
menolak,1
mentang,1
menuhin,1
menyenangkan,1
menyerap,1
menyesal,1
merah,1
merch,1
merge,1
mermaid,1
meu,1
mibute,1
micerphone,1
michrophone,1
microphonw,1
mid,1
midnight,1
mien,1
migth,1
mikir,1
mile,1
milleim,1
minden,1
minecraft,1
minimize,1
mininum,1
minluna,1
minneing,1
minority,1
minsan,1
minta,1
mintues,1
minus,1
mio,1
miranda,1
mise,1
mishap,1
misunderstood,1
mitigate,1
mkae,1
mkzeee,1
mlh,1
mmm,1
mmmmmm,1
mmropg,1
mncba,1
mny,1
moblie,1
moderate,1
moderator,1
modification,1
moee,1
mol,1
mole,1
momma,1
mon,1
monday,1
monde,1
mondes,1
monedas,1
monster,1
mont,1
monts,1
monye,1
moo,1
moon,1
morecheaper,1
moreso,1
moron,1
mosley,1
mother,1
motion,1
motoe,1
motorola,1
mountain,1
mouse,1
msg,1
msuk,1
muchas,1
muchhh,1
mudah,1
muhd,1
mujhe,1
muka,1
mukulin,1
mula,1
multi,1
multitask,1
muna,1
munch,1
muncul,1
murag,1
muscle,1
muscular,1
mute,1
muter,1
mutiple,1
muujn,1
mwhehehehe,1
myt,1
myy,1
myyy,1
naay,1
nagastos,1
naglalag,1
nahh,1
nail,1
nakabukaka,1
nakirate,1
nama,1
naman,1
napa,1
natwork,1
navarz,1
naverzcorporation,1
navigation,1
necessity,1
needy,1
negligence,1
neighbor,1
netflik,1
neth,1
nevermind,1
nevet,1
newcitems,1
newer,1
ngabisin,1
ngalay,1
ngebuat,1
ngedit,1
ngerjain,1
ngumpulin,1
ngurangin,1
nickname,1
nightmare,1
nightmers,1
nintendo,1
ninyo,1
niru,1
niyo,1
nmixx,1
nmn,1
noice,1
nombre,1
nonsense,1
noobie,1
noobs,1
noon,1
noooo,1
nosies,1
nother,1
notify,1
notperfect,1
nouveau,1
nov,1
november,1
nowww,1
nowwwwwww,1
ntar,1
nude,1
nudity,1
nuisance,1
nuwadays,1
nyaman,1
nyoko,1
obbies,1
obeys,1
object,1
obsession,1
obstacle,1
obtenir,1
occasion,1
occurrence,1
occurs,1
october,1
odds,1
ofcourse,1
offend,1
offender,1
office,1
offly,1
ofit,1
ofr,1
okayy,1
okeyy,1
okh,1
oki,1
okok,1
omggg,1
onces,1
ony,1
oof,1
oops,1
ootherwise,1
opem,1
open,1
opertunities,1
oplas,1
oppo,1
oppss,1
orangnya,1
organization,1
otp,1
ots,1
ourworld,1
outcome,1
outers,1
outifts,1
outros,1
outside,1
outta,1
overallbthe,1
overheat,1
overheats,1
overlap,1
overprices,1
oyunu,1
paano,1
paayos,1
paba,1
pag,1
paham,1
pain,1
pakai,1
paki,1
pakiayos,1
pakibawasan,1
pal,1
palaging,1
palys,1
panay,1
panda,1
panel,1
panget,1
pangit,1
pant,1
pantalla,1
pantas,1
pantless,1
panty,1
paork,1
paper,1
parang,1
parece,1
parecen,1
parkjimin,1
parkor,1
parkours,1
parter,1
participant,1
participate,1
particolarmente,1
partner,1
passa,1
passcode,1
passport,1
passward,1
pat,1
patch,1
pati,1
patient,1
paywall,1
pdhl,1
peach,1
peccato,1
pedo,1
pedophile,1
pelato,1
pembuat,1
penatlah,1
pengaturan,1
pengguna,1
penny,1
pensavo,1
peopole,1
peque,1
perasaan,1
perbaharui,1
perbaikin,1
perbarui,1
perch,1
perchance,1
perdu,1
perfavore,1
perfil,1
perform,1
pergi,1
periksa,1
perk,1
permainanya,1
permudah,1
persent,1
persona,1
personaggio,1
personaje,1
personajes,1
personalise,1
personalizo,1
personaly,1
persone,1
personeal,1
personnes,1
pervert,1
pesada,1
pesados,1
peso,1
peut,1
pgn,1
phenomenon,1
phoen,1
phonecall,1
photobooh,1
photoboost,1
photoboot,1
photograph,1
photoshooting,1
piace,1
piano,1
picker,1
pict,1
pierce,1
pigtail,1
pikir,1
pilipina,1
pin,1
pinagdadamot,1
pinapapangit,1
piste,1
pity,1
pixelation,1
pla,1
plait,1
plase,1
plash,1
playback,1
playd,1
playimg,1
playin,1
playinf,1
playit,1
playlist,1
pleaaseee,1
pleasee,1
pleaseeeeee,1
pleaseeeeeeeeeeeee,1
pleeeease,1
plees,1
pless,1
plesse,1
plissss,1
pliz,1
plll,1
plsssss,1
plsssssssss,1
plsssssssssss,1
plsw,1
plzzzzz,1
plzzzzzz,1
pobre,1
poderiam,1
podr,1
poeple,1
pohone,1
pollute,1
polo,1
poner,1
pong,1
ponga,1
ponto,1
pooh,1
porblem,1
porfa,1
porfavor,1
porque,1
portrait,1
posit,1
pota,1
potangina,1
ppls,1
pproblems,1
prb,1
preamium,1
preds,1
preety,1
preference,1
pregnancy,1
preposition,1
presence,1
present,1
preset,1
presto,1
pretend,1
prettier,1
pricing,1
pricses,1
pride,1
prima,1
privilege,1
prix,1
prmbl,1
probaly,1
probl,1
problemm,1
problm,1
problom,1
proceed,1
proceeds,1
prodlem,1
produce,1
profil,1
programado,1
progression,1
progretion,1
prom,1
promlem,1
prompt,1
prop,1
proper,1
property,1
proplems,1
propos,1
proposes,1
propre,1
proprio,1
protection,1
prouver,1
provider,1
psot,1
publicity,1
pudiera,1
puedes,1
puedo,1
pukimak,1
pula,1
pull,1
purshase,1
puse,1
putangina,1
putik,1
putt,1
puzzle,1
pwede,1
pweeesss,1
qants,1
qorks,1
quantity,1
quarantine,1
quase,1
queda,1
quelque,1
quelques,1
quem,1
quiz,1
quota,1
racism,1
rad,1
rada,1
radar,1
radio,1
rain,1
ramdom,1
randome,1
randomly,1
ranger,1
rant,1
rasanya,1
rasanyaa,1
ratio,1
reaalllyy,1
reaction,1
realky,1
reall,1
reallyyy,1
reallyyyy,1
realm,1
realme,1
realmente,1
realtime,1
reback,1
recensioni,1
recieve,1
recognize,1
recomend,1
recomiendo,1
recompensa,1
reconnect,1
recorder,1
recover,1
recovery,1
recreate,1
recuerdo,1
redecorate,1
reduces,1
redundant,1
ref,1
regreat,1
regreso,1
reinstal,1
reivew,1
reject,1
relate,1
relation,1
reloads,1
remade,1
render,1
rendition,1
renew,1
repert,1
repetitive,1
replacement,1
replaces,1
replay,1
reporting,1
reposition,1
repost,1
represent,1
reputation,1
requirments,1
requr,1
rer,1
resa,1
research,1
respawn,1
respeto,1
restaurant,1
restrict,1
resume,1
retain,1
retract,1
retrieve,1
reupload,1
revenue,1
reviewings,1
rft,1
rge,1
rhank,1
rhythm,1
ribut,1
ride,1
rienzpt,1
riht,1
ring,1
ringlet,1
ringtone,1
ripped,1
rise,1
risolva,1
risolvete,1
roam,1
rob,1
robe,1
robina,1
robux,1
roleplays,1
roller,1
rollercoaster,1
roorrr,1
rotate,1
roulette,1
roums,1
roundabout,1
route,1
routine,1
rpg,1
rthe,1
ruangan,1
ruhyyy,1
rummer,1
rumores,1
rush,1
sabihin,1
sacredyyyy,1
saddens,1
safe,1
saftey,1
sais,1
saiyan,1
sake,1
salah,1
salamat,1
salon,1
salt,1
salty,1
samaain,1
samin,1
sampai,1
samsun,1
samw,1
sane,1
santa,1
sapito,1
satu,1
sau,1
sayangnya,1
sayonara,1
sayyyy,1
sbut,1
scale,1
scanner,1
scarlett,1
scatches,1
scene,1
schedule,1
schoolgirl,1
schoolwork,1
scracth,1
scrade,1
scratcher,1
screenshots,1
script,1
scrunchies,1
sea,1
season,1
sebab,1
sebelumnya,1
sebenar,1
sebenarnya,1
sebenernya,1
secind,1
seee,1
segundo,1
seh,1
selain,1
selama,1
seller,1
semaleman,1
semata,1
sembarangan,1
semenjak,1
sementara,1
semoga,1
sends,1
sentais,1
seperate,1
septum,1
sequence,1
serem,1
serever,1
series,1
sering,1
serve,1
sesi,1
sesuai,1
setidaknya,1
setuju,1
sever,1
severs,1
seviyorum,1
sext,1
sexy,1
sez,1
shada,1
shell,1
shelter,1
sherkolang,1
shes,1
sheshhh,1
shif,1
shirtless,1
shiz,1
sho,1
shot,1
shrug,1
sht,1
shud,1
shute,1
shutout,1
shy,1
siad,1
siak,1
sica,1
sice,1
siempre,1
sighhhh,1
signing,1
siii,1
sila,1
silence,1
silencio,1
simpler,1
simulation,1
singapore,1
singh,1
sintoi,1
sisi,1
sistem,1
site,1
sits,1
siyang,1
sjskakskxkz,1
sketchy,1
skg,1
skintone,1
skrng,1
skz,1
sleepover,1
slenders,1
slit,1
slooooow,1
slowlh,1
sloww,1
slowww,1
slowy,1
sluggish,1
sluggishness,1
smg,1
smoother,1
smt,1
snail,1
snapchat,1
snd,1
sneaker,1
snowflake,1
soam,1
socialize,1
soemtimes,1
soffti,1
solves,1
somedays,1
someome,1
somethhings,1
somethimes,1
somethin,1
sometime,1
someway,1
somtims,1
sone,1
soobeauty,1
sooooooooo,1
sooooooooooooooo,1
sooooooooooooooooo,1
sophia,1
sorta,1
soulmate,1
south,1
southeast,1
spam,1
spamming,1
spare,1
speaks,1
spec,1
spero,1
spiying,1
splash,1
split,1
sponcer,1
sponsers,1
sponsor,1
spooky,1
spot,1
spotlight,1
sprtny,1
squad,1
sruff,1
sry,1
ssoo,1
sssssoooooo,1
stab,1
stabil,1
stability,1
stable,1
stack,1
stag,1
stagnant,1
stake,1
standard,1
standstill,1
stanky,1
stardew,1
staridol,1
starve,1
statement,1
station,1
stats,1
sterss,1
stingy,1
stock,1
stom,1
stors,1
str,1
straight,1
strain,1
stras,1
stray,1
streak,1
streamer,1
strength,1
stretcher,1
strict,1
structure,1
stucj,1
stuf,1
stuffe,1
stuks,1
stupid,1
styleeee,1
suara,1
suaranya,1
subrang,1
subscribe,1
subscription,1
subsection,1
subway,1
success,1
sudd,1
suff,1
suis,1
sum,1
suma,1
summit,1
sumn,1
sumpa,1
sumpah,1
sumsung,1
sunggu,1
sup,1
superb,1
supervise,1
sur,1
surface,1
surroundings,1
suspicion,1
sutipid,1
swear,1
sweater,1
sweetie,1
swimsoot,1
swipe,1
swivel,1
syg,1
syles,1
szeretem,1
tabletop,1
taggings,1
tail,1
takde,1
taki,1
talent,1
tall,1
tampa,1
tampoco,1
tank,1
tanpa,1
tanto,1
tantomeno,1
tanx,1
tapii,1
tatanggalin,1
tattoo,1
tbat,1
tee,1
teh,1
tehhh,1
telah,1
teleport,1
tellen,1
tem,1
teman,1
templery,1
templet,1
tempo,1
tempt,1
temuin,1
ten,1
tendency,1
tends,1
tenia,1
ter,1
teran,1
terbuka,1
tergoda,1
terima,1
ternama,1
ternyata,1
terse,1
tersekat,1
textinggg,1
tgat,1
thag,1
thai,1
thair,1
tham,1
thankful,1
thankies,1
thanku,1
thankyouu,1
thare,1
thatis,1
thaty,1
thd,1
theb,1
theberror,1
theee,1
theng,1
thenits,1
therefore,1
thereof,1
thet,1
thick,1
thid,1
thinggy,1
thingie,1
thinkw,1
thirteen,1
thisgamewas,1
thisss,1
thnig,1
thnk,1
thoes,1
thowsand,1
thqt,1
thre,1
thrice,1
thrill,1
thro,1
throught,1
thru,1
thry,1
thsi,1
thst,1
thta,1
thxx,1
thxxx,1
tia,1
tidur,1
tiempo,1
tiene,1
tienes,1
tiernos,1
tiis,1
tiktoks,1
til,1
tima,1
timea,1
timei,1
timeline,1
timen,1
timepass,1
times,1
tine,1
tinggi,1
tingkatkan,1
tingtan,1
tink,1
tinytan,1
tlaga,1
tnx,1
togather,1
toh,1
toiles,1
tolonh,1
tomboy,1
tont,1
tooooo,1
tooooooooo,1
topup,1
tot,1
totaly,1
tottaly,1
tought,1
toujours,1
tow,1
toxicity,1
traba,1
tracker,1
trakers,1
translates,1
translator,1
trasher,1
treat,1
tree,1
triend,1
trigger,1
trim,1
trmaksih,1
truly,1
trusco,1
tryin,1
tryna,1
trynna,1
tss,1
tthats,1
tuats,1
tuber,1
tuka,1
tukar,1
tun,1
turbo,1
turunin,1
tvt,1
tweak,1
tweet,1
tweeter,1
tyy,1
uber,1
udah,1
ughh,1
ughhhh,1
ulang,1
umay,1
umm,1
unacademy,1
undress,1
unfreeze,1
uninstalling,1
unique,1
unistalls,1
universe,1
unlikes,1
unt,1
usage,1
usuario,1
utmost,1
vacation,1
vacays,1
valentine,1
van,1
vanishes,1
variation,1
vdeo,1
veces,1
vedios,1
vehicle,1
vel,1
velix,1
velvet,1
vem,1
ven,1
veri,1
veriety,1
verifcation,1
verify,1
verry,1
vers,1
versatile,1
verse,1
versiom,1
veryyyyy,1
vestiti,1
veypry,1
vibe,1
vibeo,1
vidoe,1
viens,1
viewnya,1
villa,1
violate,1
violation,1
visualnya,1
voliom,1
volta,1
vot,1
voy,1
vreohi,1
vut,1
waa,1
waaaay,1
wacht,1
wahhhh,1
waht,1
waist,1
wakana,1
walang,1
walaoweh,1
walf,1
wall,1
wallet,1
wander,1
wannaa,1
wante,1
ware,1
warld,1
warung,1
wasok,1
watermark,1
waterpark,1
watha,1
wayyy,1
wayyyyyy,1
weakness,1
weast,1
webseries,1
website,1
webtoon,1
weeb,1
weeeeeirdd,1
weel,1
weelll,1
welder,1
wet,1
whatch,1
whatsapp,1
whatsoever,1
whdn,1
wheni,1
whenver,1
whereas,1
whereby,1
wherever,1
wherr,1
whic,1
whit,1
whith,1
whk,1
whoeer,1
whoop,1
whta,1
whts,1
whyy,1
whyyy,1
whyyyy,1
whyyyyyyy,1
wih,1
wishist,1
wishlists,1
wit,1
witch,1
wjen,1
wla,1
woah,1
wobtbload,1
woi,1
wold,1
wonderful,1
wonderfull,1
wonky,1
wooo,1
wordrobe,1
workout,1
worlddddd,1
worldku,1
worldwide,1
worry,1
worser,1
wort,1
wot,1
wrack,1
wrestling,1
wroth,1
wut,1
wwwaaaayyy,1
xems,1
xhange,1
xoxo,1
xuxux,1
yaa,1
yaallah,1
yabg,1
yakin,1
yanha,1
yap,1
yapt,1
yas,1
yaudah,1
yaw,1
yawa,1
yeaah,1
yeahh,1
yeh,1
yem,1
yep,1
yesterdat,1
yestreday,1
yhe,1
yhis,1
yieeeee,1
yield,1
yin,1
yng,1
yoi,1
youbtry,1
youll,1
yout,1
youtuders,1
youuuuuu,1
ypu,1
yuk,1
yup,1
zaki,1
zamle,1
zapato,1
zara,1
zeepto,1
zel,1
zelfie,1
zemes,1
zemm,1
zemnya,1
zemshop,1
zena,1
zepato,1
zepcoins,1
zepego,1
zepeti,1
zepetoku,1
zepetomoji,1
zepetooo,1
zepetoteam,1
zepito,1
zeppeto,1
zeprt,1
zeptos,1
zero,1
zeteto,1
zgems,1
ziam,1
zigzag,1
zombe,1
zopeto,1
zor,1
zorox,1
zwm,1
zworld,1
zyetaekook,1
